{"selectedServices":["deconz"],"serviceConfigurations":{"services":{"diyhue":{"environment":["IP=172.17.132.167","MAC=00:15:5d:59:be:e2"],"loggingEnabled":true},"deconz":{"volumes":["./volumes/deconz/:/root/.local/share/dresden-elektronik/deCONZ"],"networks":{"iotstack_nw":true},"networkMode":"unchanged","selectedDevice":"/dev/ttyAMA0","loggingEnabled":true,"environment":["DECONZ_VNC_MODE=1","DECONZ_VNC_PASSWORD={$randomPassword}","DEBUG_INFO=1","DEBUG_APS=0","DEBUG_ZCL=0","DEBUG_ZDP=0","DEBUG_OTAU=0","DECONZ_DEVICE={$deconzSelectedDevice}"],"devices":["{$deconzSelectedDevice}"],"ports":{}}},"networks":{},"meta":{}}}